time,low,high,open,close,volume
2021-11-01 01:00:00,61299.89,61779.87,61610.94,61333.17,314.25071995
2021-11-01 02:00:00,60050.0,61457.28,61333.17,60589.06,1059.93135838
2021-11-01 03:00:00,59752.92,60655.0,60590.23,59971.89,621.41987775
2021-11-01 04:00:00,59500.0,60742.86,59965.41,60553.55,661.72389005
2021-11-01 05:00:00,60492.17,60904.72,60553.1,60641.61,318.17625599
2021-11-01 06:00:00,60316.57,60958.86,60641.61,60763.26,222.95916407
2021-11-01 07:00:00,60760.94,62346.78,60764.55,62199.07,774.950337
2021-11-01 08:00:00,61687.47,62444.44,62199.06,61952.43,469.16788183
2021-11-01 09:00:00,61900.0,62246.19,61950.09,61982.56,328.76235206
2021-11-01 10:00:00,61925.11,62320.04,61982.56,62289.99,258.98756593
2021-11-01 11:00:00,61814.53,62500.0,62288.01,61852.16,604.29758247
2021-11-01 12:00:00,61668.37,62216.05,61840.58,61876.37,459.20721042
2021-11-01 13:00:00,61747.07,62100.0,61876.36,61997.78,449.64890828
2021-11-01 14:00:00,61320.74,62034.85,61995.47,61486.05,611.05543291
2021-11-01 15:00:00,61415.95,61629.61,61486.06,61580.5,435.61177513
2021-11-01 16:00:00,61048.0,61591.09,61580.5,61057.76,645.78846408
2021-11-01 17:00:00,60742.53,61095.43,61057.76,60781.09,659.96382577
2021-11-01 18:00:00,60541.11,60839.21,60776.49,60590.49,543.1258594
2021-11-01 19:00:00,60327.0,61505.33,60590.49,61504.85,628.18461583
2021-11-01 20:00:00,60625.0,61500.53,61487.59,60721.48,492.6168458
2021-11-01 21:00:00,60454.76,60928.62,60730.84,60769.96,293.62373865
2021-11-01 22:00:00,60743.88,61221.99,60769.96,61128.26,289.71546962
2021-11-01 23:00:00,60935.09,61228.98,61128.26,60949.54,248.69130242
2021-11-02 00:00:00,60672.16,61430.78,60956.4,60999.99,509.49498589
2021-11-02 01:00:00,60797.11,61618.38,61000.0,61380.53,820.61245558
2021-11-02 02:00:00,60879.65,61463.21,61380.53,60955.0,342.26386121
2021-11-02 03:00:00,60834.08,61200.0,60955.68,61133.49,293.01416318
2021-11-02 04:00:00,61122.9,61600.01,61142.46,61476.85,319.89309464
2021-11-02 05:00:00,61347.99,61841.0,61479.34,61822.99,357.14629502
2021-11-02 06:00:00,61619.57,61877.55,61822.98,61821.73,225.15722081
2021-11-02 07:00:00,61547.54,61860.53,61821.73,61563.22,222.22605317
2021-11-02 08:00:00,61415.89,61815.5,61575.54,61600.19,205.84818992
2021-11-02 09:00:00,61536.8,63231.0,61597.99,63129.0,913.87941843
2021-11-02 10:00:00,63055.2,63619.31,63107.14,63261.36,765.52520003
2021-11-02 11:00:00,62948.01,63402.56,63258.0,62956.34,708.64617224
2021-11-02 12:00:00,62956.35,63325.73,62956.35,63049.99,507.43583204
2021-11-02 13:00:00,63049.99,63500.0,63050.0,63454.33,688.06110209
2021-11-02 14:00:00,63083.23,63955.0,63454.39,63402.87,1063.81704777
2021-11-02 15:00:00,63387.26,64300.0,63404.56,64066.27,1009.67045026
2021-11-02 16:00:00,63671.41,64300.0,64066.27,63701.73,710.21131834
2021-11-02 17:00:00,63456.0,63819.65,63701.74,63488.11,440.15047141
2021-11-02 18:00:00,63264.58,63557.68,63488.11,63275.68,452.95846611
2021-11-02 19:00:00,63267.11,63697.92,63275.68,63622.2,651.66274069
2021-11-02 20:00:00,63081.09,63644.71,63619.82,63138.58,613.46456337
2021-11-02 21:00:00,62952.62,63334.39,63136.57,63039.93,640.40372129
2021-11-02 22:00:00,62950.96,63211.16,63039.23,62970.07,493.03000352
2021-11-02 23:00:00,62645.8,63286.62,62970.07,63266.51,739.54256761
2021-11-03 00:00:00,62905.92,63568.36,63266.5,63550.83,626.11261799
2021-11-03 01:00:00,63050.01,63549.28,63547.94,63189.96,434.59311152
2021-11-03 02:00:00,62800.0,63263.72,63189.97,63201.1,370.74877477
2021-11-03 03:00:00,62971.97,63289.13,63201.87,63265.23,385.26716129
2021-11-03 04:00:00,62787.71,63268.37,63265.23,62811.95,334.47221192
2021-11-03 05:00:00,62813.91,63233.31,62813.91,63082.61,309.17615108
2021-11-03 06:00:00,62875.0,63148.99,63082.62,62877.46,286.86032347
2021-11-03 07:00:00,62827.49,63548.56,62877.47,63438.48,335.38343744
2021-11-03 08:00:00,62941.62,63442.53,63439.0,63016.81,222.62110853
2021-11-03 09:00:00,62922.6,63394.25,63016.81,63349.67,201.37246618
2021-11-03 10:00:00,63152.87,63464.68,63347.53,63172.75,368.7288317
2021-11-03 11:00:00,62961.34,63248.69,63172.74,63167.95,267.12480179
2021-11-03 12:00:00,62255.01,63215.0,63166.36,62521.83,780.77176337
2021-11-03 13:00:00,61665.39,62709.92,62523.72,61857.68,1113.62673765
2021-11-03 14:00:00,61610.5,62147.83,61857.67,62002.43,768.1039202
2021-11-03 15:00:00,61778.54,62264.05,62002.43,62242.1,615.16326123
2021-11-03 16:00:00,62026.1,62560.31,62247.53,62165.99,481.65526622
2021-11-03 17:00:00,62108.43,62701.25,62166.0,62518.9,526.36576581
2021-11-03 18:00:00,60070.0,63257.66,62518.89,63197.11,2072.28638305
2021-11-03 19:00:00,62833.49,63373.17,63192.7,62837.41,748.70234267
2021-11-03 20:00:00,62750.05,63061.26,62837.4,62767.09,569.51571311
2021-11-03 21:00:00,62766.09,63247.39,62766.64,63157.81,399.17687588
2021-11-03 22:00:00,62771.0,63215.58,63157.81,62841.39,398.90274498
2021-11-03 23:00:00,62811.77,63148.51,62838.88,62935.41,335.14004062
2021-11-04 00:00:00,62759.79,63114.14,62935.4,62851.81,500.61581524
2021-11-04 01:00:00,62294.15,62873.71,62851.81,62379.61,471.99506532
2021-11-04 02:00:00,62232.58,62579.75,62379.62,62579.75,297.44023486
2021-11-04 03:00:00,62312.05,62608.15,62579.74,62458.48,254.15486984
2021-11-04 04:00:00,62442.88,62854.3,62458.47,62711.8,211.27764563
2021-11-04 05:00:00,62368.22,62779.07,62712.02,62421.6,173.57739724
2021-11-04 06:00:00,62389.02,62675.53,62421.61,62486.32,182.75561451
2021-11-04 07:00:00,61879.46,62670.84,62501.46,61901.53,363.56228552
2021-11-04 08:00:00,61606.28,62348.01,61901.53,61642.32,497.46210957
2021-11-04 09:00:00,61363.57,61869.43,61647.6,61842.8,312.35814857
2021-11-04 10:00:00,61670.8,62034.07,61842.8,61953.81,344.6174469
2021-11-04 11:00:00,61309.94,62020.73,61953.8,61506.2,373.98244355
2021-11-04 12:00:00,61350.01,61939.28,61510.23,61920.6,343.96385247
2021-11-04 13:00:00,61627.61,62254.48,61920.6,62154.1,591.25298893
2021-11-04 14:00:00,61733.05,62450.0,62151.68,61827.7,769.72753083
2021-11-04 15:00:00,60800.0,61887.27,61827.7,61090.82,1562.61315326
2021-11-04 16:00:00,60880.38,61365.69,61090.82,61228.83,727.76644843
2021-11-04 17:00:00,60760.0,61300.0,61228.82,60909.47,622.48777646
2021-11-04 18:00:00,60754.9,61425.0,60909.47,60790.97,620.35824126
2021-11-04 19:00:00,60728.77,61321.96,60790.96,61260.9,616.0416336
2021-11-04 20:00:00,61097.56,61574.94,61271.3,61370.71,384.3669466
2021-11-04 21:00:00,61203.38,61500.0,61370.71,61397.0,283.46913905
2021-11-04 22:00:00,61057.34,61440.55,61396.99,61188.45,313.85756858
2021-11-04 23:00:00,61140.22,61531.65,61188.45,61444.5,232.05418299
2021-11-05 00:00:00,60870.0,61537.09,61444.49,60920.77,343.89967081
2021-11-05 01:00:00,60896.37,61840.0,60920.68,61820.72,387.04982911
2021-11-05 02:00:00,61678.53,61960.0,61820.72,61678.53,370.38582985
2021-11-05 03:00:00,61678.53,62364.98,61678.53,62247.05,424.67146801
2021-11-05 04:00:00,62117.13,62510.54,62246.59,62146.75,389.74062331
2021-11-05 05:00:00,61945.62,62238.57,62146.75,62230.68,164.03621892
2021-11-05 06:00:00,62189.13,62638.59,62230.44,62216.97,260.88996795
2021-11-05 07:00:00,62158.45,62524.94,62216.98,62174.32,126.79653393
2021-11-05 08:00:00,61979.56,62240.74,62174.33,62238.45,199.83953847
2021-11-05 09:00:00,61552.52,62269.19,62235.87,61752.55,263.38203731
2021-11-05 10:00:00,61505.05,61828.98,61752.41,61609.04,160.56734684
2021-11-05 11:00:00,61253.21,61848.27,61609.05,61309.92,402.10785443
2021-11-05 12:00:00,61218.13,61613.59,61309.35,61563.32,504.22635128
2021-11-05 13:00:00,61498.0,61978.16,61562.6,61836.21,505.99690717
2021-11-05 14:00:00,61266.44,61913.93,61836.21,61315.01,588.37165543
2021-11-05 15:00:00,60800.0,61382.4,61315.01,60839.21,934.4345471
2021-11-05 16:00:00,60787.51,61060.0,60839.21,60922.96,666.66077301
2021-11-05 17:00:00,60811.25,61134.4,60922.96,61012.02,572.81139397
2021-11-05 18:00:00,60945.14,61423.63,61012.02,61233.11,681.3983384
2021-11-05 19:00:00,60871.73,61233.11,61233.11,61141.14,634.92591553
2021-11-05 20:00:00,60777.0,61141.17,61138.64,60975.28,601.97184395
2021-11-05 21:00:00,60893.22,61242.03,60975.28,61114.08,533.10491231
2021-11-05 22:00:00,61039.86,61361.22,61117.6,61112.57,448.44655803
2021-11-05 23:00:00,60857.14,61136.4,61112.57,61006.15,433.08008774
2021-11-06 00:00:00,60855.29,61337.33,61006.14,61239.54,365.81501972
2021-11-06 01:00:00,61023.93,61334.64,61239.55,61237.05,334.01337397
2021-11-06 02:00:00,60955.14,61276.64,61237.06,61033.07,241.13085538
2021-11-06 03:00:00,61000.0,61196.6,61033.06,61170.39,178.1077045
2021-11-06 04:00:00,61038.85,61329.75,61170.39,61248.08,195.39290783
2021-11-06 05:00:00,61241.95,61531.04,61248.09,61474.29,175.51089356
2021-11-06 06:00:00,61214.89,61599.25,61474.28,61318.33,115.45841856
2021-11-06 07:00:00,60556.41,61334.61,61316.12,60847.11,373.2152426
2021-11-06 08:00:00,60781.73,61388.64,60847.12,61063.94,236.69905838
2021-11-06 09:00:00,60905.46,61201.54,61063.41,60972.49,96.77229652
2021-11-06 10:00:00,60509.31,61049.21,60974.46,60544.04,229.61650948
2021-11-06 11:00:00,60150.79,60674.99,60539.93,60383.01,573.98144832
2021-11-06 12:00:00,60125.0,60644.69,60383.01,60316.75,388.04134658
2021-11-06 13:00:00,60290.26,60755.0,60316.75,60579.23,404.1951852
2021-11-06 14:00:00,60363.12,60772.06,60579.23,60650.52,265.3744726
2021-11-06 15:00:00,60603.77,60829.35,60650.52,60704.65,328.50501792
2021-11-06 16:00:00,60481.48,60883.43,60704.66,60675.42,267.90426583
2021-11-06 17:00:00,60655.78,60914.29,60681.23,60752.5,192.14590965
2021-11-06 18:00:00,60725.0,60890.42,60747.49,60807.31,177.69237308
2021-11-06 19:00:00,60800.25,61227.21,60807.31,61219.62,233.29987447
2021-11-06 20:00:00,61147.09,61450.0,61219.32,61200.0,376.55665947
2021-11-06 21:00:00,61199.99,61527.7,61200.0,61453.11,237.35393575
2021-11-06 22:00:00,61356.17,61535.9,61453.12,61415.43,223.41634235
2021-11-06 23:00:00,61334.75,61540.0,61417.16,61539.31,156.23948017
2021-11-07 00:00:00,61397.86,61969.26,61539.3,61969.26,436.90012239
2021-11-07 01:00:00,61829.59,62352.38,61969.3,61898.96,678.84299227
2021-11-07 02:00:00,61804.45,62180.9,61898.95,61971.98,213.5097497
2021-11-07 03:00:00,61959.46,62244.59,61971.97,62200.09,164.86636474
2021-11-07 04:00:00,62164.05,62335.1,62200.09,62235.01,206.86618628
2021-11-07 05:00:00,61966.09,62235.01,62235.0,61990.62,130.95837186
2021-11-07 06:00:00,61827.85,62108.58,61990.62,61860.7,137.27206708
2021-11-07 07:00:00,61758.56,61973.84,61860.7,61812.04,197.26141392
2021-11-07 08:00:00,61673.18,61882.65,61812.03,61726.1,78.07564688
2021-11-07 09:00:00,61532.7,62052.63,61726.11,62001.87,98.34229389
2021-11-07 10:00:00,61847.58,62400.0,62007.14,61961.35,145.64691124
2021-11-07 11:00:00,61628.13,61985.0,61961.34,61936.96,92.93956636
2021-11-07 12:00:00,61770.44,62176.83,61940.08,61807.55,182.98256618
2021-11-07 13:00:00,61800.0,62179.44,61807.55,61877.68,182.5022081
2021-11-07 14:00:00,61827.39,62069.14,61875.55,61827.4,153.29763757
2021-11-07 15:00:00,61760.42,62008.0,61827.39,61992.7,145.07451196
2021-11-07 16:00:00,61989.42,62289.0,61992.7,62094.41,199.30409949
2021-11-07 17:00:00,62074.48,62518.21,62094.38,62513.41,249.96324926
2021-11-07 18:00:00,62142.42,62570.97,62502.55,62498.06,253.9730296
2021-11-07 19:00:00,62197.59,62551.19,62498.06,62315.67,165.80910533
2021-11-07 20:00:00,62224.74,62854.2,62319.98,62693.25,285.80236691
2021-11-07 21:00:00,62686.2,63110.99,62691.23,62888.77,412.7387432
2021-11-07 22:00:00,62809.58,63052.96,62888.76,62870.45,322.65041871
2021-11-07 23:00:00,62822.6,63327.96,62870.45,63309.13,460.44498442
2021-11-08 00:00:00,63309.12,65042.0,63309.12,65040.98,2724.68196312
2021-11-08 01:00:00,64991.94,65682.03,65041.99,65134.19,1756.8445158
2021-11-08 02:00:00,65088.61,65382.85,65134.18,65114.77,812.58509612
2021-11-08 03:00:00,64997.52,65265.07,65114.77,65239.19,548.32589777
2021-11-08 04:00:00,65113.48,65394.87,65239.18,65216.96,490.21789285
2021-11-08 05:00:00,65133.9,65662.43,65216.96,65481.41,425.5337489
2021-11-08 06:00:00,65414.73,66178.68,65481.4,65948.69,839.76256573
2021-11-08 07:00:00,65635.13,66353.08,65959.63,65986.36,563.51983005
2021-11-08 08:00:00,65635.01,66300.0,65988.45,66273.36,358.18221964
2021-11-08 09:00:00,66041.15,66437.69,66267.25,66097.66,364.89907499
2021-11-08 10:00:00,65743.53,66185.44,66101.46,66050.56,316.13120737
2021-11-08 11:00:00,65800.0,66090.75,66050.55,66090.73,381.85676476
2021-11-08 12:00:00,65775.53,66196.34,66090.73,65834.13,556.82886241
2021-11-08 13:00:00,65288.82,65999.0,65840.36,65411.9,705.41893808
2021-11-08 14:00:00,65170.37,65555.0,65411.91,65339.8,641.91076023
2021-11-08 15:00:00,65221.03,66523.0,65339.8,66404.3,835.52761476
2021-11-08 16:00:00,65896.29,66579.64,66403.7,65963.66,753.79548466
2021-11-08 17:00:00,65846.67,66245.27,65963.72,66004.67,702.45002487
2021-11-08 18:00:00,65796.93,66042.96,66004.66,65950.0,375.37393861
2021-11-08 19:00:00,65833.42,66147.37,65946.78,65833.43,474.4518216
2021-11-08 20:00:00,65599.86,66172.76,65833.43,66075.01,607.42396495
2021-11-08 21:00:00,65986.31,66446.26,66075.01,66132.93,451.63814381
2021-11-08 22:00:00,66105.3,66582.57,66132.93,66547.92,365.35439916
2021-11-08 23:00:00,66405.81,67792.77,66545.77,67554.84,1609.15824135
2021-11-09 00:00:00,67050.05,67772.0,67554.13,67655.08,792.56943074
2021-11-09 01:00:00,67376.39,67697.04,67651.76,67537.93,525.96275628
2021-11-09 02:00:00,67310.25,67841.69,67542.97,67650.0,444.47405361
2021-11-09 03:00:00,67569.91,68568.85,67650.0,68521.24,1159.45542135
2021-11-09 04:00:00,68139.67,68530.0,68521.24,68300.01,689.46150216
2021-11-09 05:00:00,67864.3,68415.9,68300.01,68157.01,643.627949
2021-11-09 06:00:00,67699.53,68236.22,68157.01,68066.14,484.88353074
2021-11-09 07:00:00,67691.01,68198.1,68071.19,67915.31,356.69517954
2021-11-09 08:00:00,67739.99,68171.08,67915.31,68133.71,402.4156874
2021-11-09 09:00:00,67914.11,68272.49,68130.0,68266.76,377.56507727
2021-11-09 10:00:00,67851.67,68276.58,68266.76,67883.99,304.40337085
2021-11-09 11:00:00,67335.38,67943.19,67884.0,67627.2,477.67743599
2021-11-09 12:00:00,67300.68,67768.64,67627.19,67578.33,310.90845107
2021-11-09 13:00:00,67554.39,68119.37,67573.84,68107.08,410.63308291
2021-11-09 14:00:00,67171.3,68115.71,68115.71,67380.28,1013.08593677
2021-11-09 15:00:00,66623.76,67557.78,67366.34,66799.3,1465.91385185
2021-11-09 16:00:00,66441.27,67035.0,66799.29,66710.98,977.61367618
2021-11-09 17:00:00,66261.79,66971.97,66709.01,66829.99,708.94681373
2021-11-09 18:00:00,66527.86,67275.0,66829.99,66537.83,754.38219334
2021-11-09 19:00:00,66344.84,66841.53,66537.83,66827.93,490.65764911
2021-11-09 20:00:00,66690.19,67372.53,66827.93,67371.7,494.31690989
2021-11-09 21:00:00,67276.47,67797.0,67371.7,67726.83,657.74446983
2021-11-09 22:00:00,66995.96,67742.25,67729.35,67303.15,504.19985248
2021-11-09 23:00:00,66752.45,67435.16,67303.16,66944.66,549.03080609
2021-11-10 00:00:00,66787.79,67400.2,66938.76,67005.54,690.2660056
2021-11-10 01:00:00,66862.54,67312.72,67005.54,67030.78,289.16701647
2021-11-10 02:00:00,66792.25,67193.01,67030.78,66814.99,354.91973864
2021-11-10 03:00:00,66355.32,66822.68,66814.99,66485.61,619.84558214
2021-11-10 04:00:00,66259.98,66666.51,66485.61,66639.42,576.7032924
2021-11-10 05:00:00,66287.34,66646.5,66639.42,66345.14,254.1007078
2021-11-10 06:00:00,66240.21,66615.03,66345.15,66527.62,303.44627568
2021-11-10 07:00:00,66313.83,66738.46,66527.62,66437.65,276.46415686
2021-11-10 08:00:00,66364.89,66860.71,66437.65,66622.64,290.91873786
2021-11-10 09:00:00,66562.19,66838.4,66621.72,66691.4,274.3721028
2021-11-10 10:00:00,66655.25,67098.34,66691.58,66789.01,239.40374057
2021-11-10 11:00:00,66543.39,66904.57,66789.01,66543.4,236.68453619
2021-11-10 12:00:00,66260.0,66962.63,66544.07,66385.29,351.74512802
2021-11-10 13:00:00,65951.0,68027.0,66385.31,68005.01,1120.72015412
2021-11-10 14:00:00,67926.62,69000.0,68005.02,68412.8,2178.29849914
2021-11-10 15:00:00,68200.0,68520.0,68414.82,68361.04,598.17445678
2021-11-10 16:00:00,68359.94,68756.84,68363.78,68509.92,988.79961364
2021-11-10 17:00:00,68456.5,68800.01,68515.45,68639.63,877.02400488
2021-11-10 18:00:00,67592.06,68656.48,68638.47,67782.03,972.96532036
2021-11-10 19:00:00,66559.37,68010.62,67781.42,66640.96,1006.99101045
2021-11-10 20:00:00,65100.0,67041.51,66640.96,65835.0,2119.54875499
2021-11-10 21:00:00,62800.0,66165.64,65835.0,64299.57,2769.79616087
2021-11-10 22:00:00,63913.63,65325.32,64292.43,65159.85,966.11211645
2021-11-10 23:00:00,64300.0,65167.7,65159.85,64912.2,673.77806473
2021-11-11 00:00:00,64209.11,65037.17,64912.2,64983.25,682.61513675
2021-11-11 01:00:00,64389.14,65088.01,64976.5,64764.07,505.50881434
2021-11-11 02:00:00,64133.78,64764.06,64764.06,64543.56,617.50913434
2021-11-11 03:00:00,64400.0,64857.81,64543.56,64782.01,516.42637331
2021-11-11 04:00:00,64420.52,64822.39,64782.01,64636.34,316.23839831
2021-11-11 05:00:00,64583.28,64931.17,64636.33,64700.0,228.80388515
2021-11-11 06:00:00,64537.11,65014.43,64699.7,64844.3,275.80939257
2021-11-11 07:00:00,64814.16,65425.0,64847.36,65255.12,345.37085291
2021-11-11 08:00:00,64612.26,65465.96,65255.12,65377.54,398.56281325
2021-11-11 09:00:00,65050.36,65600.0,65395.11,65394.0,267.3846425
2021-11-11 10:00:00,65104.06,65410.9,65394.01,65260.71,204.42901586
2021-11-11 11:00:00,64972.71,65349.96,65259.03,65301.87,368.01769102
2021-11-11 12:00:00,64716.46,65370.98,65299.49,65032.16,341.68551091
2021-11-11 13:00:00,64644.88,65177.51,65032.16,64761.39,480.42945187
2021-11-11 14:00:00,64427.85,65500.0,64761.39,65194.22,938.72846752
2021-11-11 15:00:00,64718.34,65390.99,65191.14,64836.16,618.60197097
2021-11-11 16:00:00,64763.51,65258.58,64836.15,65075.06,586.29481604
2021-11-11 17:00:00,64878.97,65280.63,65072.53,64952.9,415.52046433
2021-11-11 18:00:00,64612.34,65040.28,64952.9,64771.77,498.9837854
2021-11-11 19:00:00,64754.25,65265.48,64771.77,65160.0,354.87362327
2021-11-11 20:00:00,64780.0,65251.76,65160.0,64826.25,401.73411603
2021-11-11 21:00:00,64775.0,65105.0,64829.68,65074.06,294.07691601
2021-11-11 22:00:00,64927.15,65352.26,65074.06,65203.52,286.69479201
2021-11-11 23:00:00,64773.99,65212.52,65203.52,64807.59,315.21465948
2021-11-12 00:00:00,64686.35,64962.19,64807.73,64846.89,340.42477171
2021-11-12 01:00:00,64108.0,65392.74,64846.89,65120.94,780.8496004
2021-11-12 02:00:00,64942.83,65477.06,65120.95,65037.97,417.77344999
2021-11-12 03:00:00,64777.0,65081.44,65038.03,64855.31,436.97577561
2021-11-12 04:00:00,64721.73,65093.81,64855.16,64994.49,310.26496424
2021-11-12 05:00:00,64679.98,65024.67,64995.56,64694.45,166.94275543
2021-11-12 06:00:00,64472.98,64853.31,64694.44,64530.05,193.18158753
2021-11-12 07:00:00,64240.0,64652.15,64522.85,64502.24,303.59402959
2021-11-12 08:00:00,64241.68,64962.99,64502.24,64898.29,246.36984166
2021-11-12 09:00:00,63674.44,64898.29,64898.28,63822.19,586.26617602
2021-11-12 10:00:00,63551.72,64214.97,63814.5,63670.59,490.6900352
2021-11-12 11:00:00,63527.88,64055.62,63670.93,63762.96,441.82153826
2021-11-12 12:00:00,63350.53,64211.45,63762.96,63841.53,600.42325784
2021-11-12 13:00:00,63260.62,64099.26,63841.53,64006.07,668.70890559
2021-11-12 14:00:00,63467.76,64185.28,64006.06,63477.99,834.85088635
2021-11-12 15:00:00,62886.34,63569.37,63477.99,63174.28,1532.51729019
2021-11-12 16:00:00,62300.0,63388.37,63177.31,63097.27,1783.98929988
2021-11-12 17:00:00,62959.49,63644.25,63092.59,63613.81,697.09877804
2021-11-12 18:00:00,63561.83,64128.48,63613.8,63900.98,849.48440241
2021-11-12 19:00:00,63585.42,63928.22,63900.98,63868.9,459.36030724
2021-11-12 20:00:00,63858.38,64376.92,63868.9,64148.79,507.51421347
2021-11-12 21:00:00,64018.45,64512.35,64155.78,64100.42,409.48832177
2021-11-12 22:00:00,63741.99,64224.0,64100.42,63949.46,271.94041146
2021-11-12 23:00:00,63846.72,64384.79,63949.46,64147.9,328.09597912
2021-11-13 00:00:00,64144.41,64448.43,64144.42,64370.23,259.09210256
2021-11-13 01:00:00,63851.11,64439.18,64370.23,63870.72,300.69771806
2021-11-13 02:00:00,63605.37,64034.9,63870.71,63729.33,306.99549599
2021-11-13 03:00:00,63636.85,63893.85,63729.32,63801.6,253.02202572
2021-11-13 04:00:00,63579.79,63946.19,63800.76,63712.75,205.73095784
2021-11-13 05:00:00,63505.13,63870.98,63717.29,63618.26,148.22405056
2021-11-13 06:00:00,63598.06,63889.09,63618.26,63867.25,105.94489843
2021-11-13 07:00:00,63723.45,64118.39,63867.25,64031.96,104.27655024
2021-11-13 08:00:00,63748.18,64094.46,64036.71,63823.2,79.10762603
2021-11-13 09:00:00,63395.39,63884.83,63820.2,63473.95,136.09923104
2021-11-13 10:00:00,63394.17,63763.76,63473.95,63732.81,196.97607213
2021-11-13 11:00:00,63525.98,63815.26,63732.81,63566.77,100.92238266
2021-11-13 12:00:00,63431.86,63818.44,63566.77,63548.17,157.12946943
2021-11-13 13:00:00,63500.0,63769.95,63546.62,63623.73,116.54902251
2021-11-13 14:00:00,63595.63,64804.75,63623.73,64723.23,894.8742651
2021-11-13 15:00:00,64535.94,64777.55,64723.22,64700.0,288.29930607
2021-11-13 16:00:00,64615.11,64990.0,64700.0,64628.16,320.35099347
2021-11-13 17:00:00,64523.12,64706.4,64626.12,64675.52,260.95173512
2021-11-13 18:00:00,63896.26,64712.25,64678.4,64145.73,665.59278326
2021-11-13 19:00:00,63850.0,64222.0,64145.67,63951.58,243.52651002
2021-11-13 20:00:00,63945.98,64450.0,63953.95,64381.94,305.19938955
2021-11-13 21:00:00,64131.0,64403.78,64379.53,64366.72,164.08628056
2021-11-13 22:00:00,64127.77,64441.1,64366.71,64287.44,191.10632495
2021-11-13 23:00:00,64248.53,64569.82,64287.44,64400.01,163.34835703
2021-11-14 00:00:00,64400.0,65330.03,64400.01,64992.22,494.27382553
2021-11-14 01:00:00,64634.18,65086.49,64992.14,64804.64,189.37530767
2021-11-14 02:00:00,64638.75,64940.0,64805.18,64659.96,155.1532123
2021-11-14 03:00:00,64564.48,64854.83,64659.97,64658.65,147.69693227
2021-11-14 04:00:00,64654.84,65025.71,64657.79,64771.0,145.90286914
2021-11-14 05:00:00,64483.89,64990.28,64770.41,64913.73,168.54158223
2021-11-14 06:00:00,64730.55,65177.68,64915.46,64825.57,137.68425161
2021-11-14 07:00:00,64549.89,64894.71,64826.36,64639.55,144.26996318
2021-11-14 08:00:00,64079.99,64806.67,64639.55,64326.03,321.17952063
2021-11-14 09:00:00,64126.48,64408.75,64326.02,64273.03,221.48582634
2021-11-14 10:00:00,64203.59,64500.0,64273.03,64415.43,205.52507865
2021-11-14 11:00:00,64212.69,64500.0,64415.42,64468.65,142.78488643
2021-11-14 12:00:00,64268.35,64734.3,64467.0,64618.2,167.02236797
2021-11-14 13:00:00,64531.61,64800.0,64616.73,64638.38,146.26671881
2021-11-14 14:00:00,64181.25,64677.76,64638.38,64369.35,230.1855555
2021-11-14 15:00:00,64020.41,64369.34,64369.34,64105.52,258.17716118
2021-11-14 16:00:00,63596.9,64230.21,64105.52,63721.27,426.98972215
2021-11-14 17:00:00,63641.82,64278.63,63721.27,64196.59,321.07522042
2021-11-14 18:00:00,63863.73,64438.67,64197.93,64047.86,280.48416396
2021-11-14 19:00:00,63890.11,64216.58,64047.86,64176.62,195.06795912
2021-11-14 20:00:00,64062.32,64411.29,64176.63,64240.94,213.18162595
2021-11-14 21:00:00,64053.22,64493.41,64240.94,64335.27,257.05478082
2021-11-14 22:00:00,64312.71,64855.69,64335.27,64522.87,247.5341517
2021-11-14 23:00:00,64355.22,65525.0,64522.87,65505.02,864.65957619
2021-11-15 00:00:00,65505.03,66198.48,65505.03,65878.01,724.11060711
2021-11-15 01:00:00,65538.83,65955.03,65878.01,65930.82,401.9167939
2021-11-15 02:00:00,65676.62,65968.76,65930.8,65713.95,188.45766731
2021-11-15 03:00:00,65633.16,65920.35,65713.95,65745.61,202.33776912
2021-11-15 04:00:00,65728.02,65888.85,65745.61,65800.21,240.01427572
2021-11-15 05:00:00,65705.11,65927.96,65799.2,65732.99,171.84647093
2021-11-15 06:00:00,65639.77,65856.57,65732.99,65687.92,131.75643508
2021-11-15 07:00:00,65528.03,65764.67,65687.92,65599.38,90.71394488
2021-11-15 08:00:00,65292.42,65847.65,65599.71,65752.58,335.30484606
2021-11-15 09:00:00,65694.65,66339.9,65752.58,65992.94,366.44623361
2021-11-15 10:00:00,65769.66,66081.92,65992.93,65956.54,168.93405884
2021-11-15 11:00:00,65646.75,65977.33,65951.5,65751.82,150.74057558
2021-11-15 12:00:00,65563.45,65980.77,65757.12,65702.71,185.58616153
2021-11-15 13:00:00,65378.7,65792.2,65702.71,65511.15,323.07921
2021-11-15 14:00:00,64760.5,65517.73,65508.41,64861.2,705.91922706
2021-11-15 15:00:00,64234.0,64892.37,64861.19,64309.24,922.62489574
2021-11-15 16:00:00,63903.91,64441.35,64304.65,64246.19,1128.67769466
2021-11-15 17:00:00,64016.87,64441.29,64246.19,64040.48,638.33363478
2021-11-15 18:00:00,63636.76,64178.94,64040.48,63807.28,808.44279657
2021-11-15 19:00:00,63649.54,64324.22,63807.29,64270.64,615.60213441
2021-11-15 20:00:00,63800.0,64271.54,64271.54,63907.49,420.60044316
2021-11-15 21:00:00,63371.0,64023.61,63907.5,63900.01,597.88780776
2021-11-15 22:00:00,63443.53,64033.33,63900.01,63975.63,530.26674263
2021-11-15 23:00:00,63485.86,63994.1,63975.63,63624.59,376.95480002
2021-11-16 00:00:00,62501.0,63624.6,63621.05,62569.77,1663.48395711
2021-11-16 01:00:00,61050.0,62663.81,62569.76,62180.02,2234.85390795
2021-11-16 02:00:00,61537.55,62292.93,62180.01,61672.37,667.64719964
2021-11-16 03:00:00,60500.0,61858.77,61668.12,60959.61,1547.89264271
2021-11-16 04:00:00,60388.0,61564.05,60959.6,61239.07,1285.52645082
2021-11-16 05:00:00,60822.18,61505.36,61247.69,60974.55,703.84930143
2021-11-16 06:00:00,60343.34,61033.82,60969.91,60871.59,737.68237174
2021-11-16 07:00:00,60452.32,61090.74,60871.59,60822.02,496.41909447
2021-11-16 08:00:00,60608.22,61056.33,60822.03,61024.25,361.87652657
2021-11-16 09:00:00,60175.0,61295.73,61024.75,60202.82,661.76113885
2021-11-16 10:00:00,58638.0,60340.09,60201.21,60196.41,2296.68626089
2021-11-16 11:00:00,60100.0,60688.66,60196.21,60615.95,835.7737512
2021-11-16 12:00:00,60049.73,60888.0,60615.94,60060.83,892.65683362
2021-11-16 13:00:00,60058.39,60786.92,60069.59,60576.77,922.43280342
2021-11-16 14:00:00,60500.0,61418.19,60576.77,60941.49,1120.99401435
2021-11-16 15:00:00,60617.11,61200.0,60950.45,60713.71,840.42744863
2021-11-16 16:00:00,60405.59,60959.39,60708.42,60692.31,764.72746117
2021-11-16 17:00:00,60239.25,60870.91,60695.66,60509.31,947.51094351
2021-11-16 18:00:00,59999.99,60693.21,60509.31,60000.01,865.61488564
2021-11-16 19:00:00,59793.04,60640.72,59999.99,60254.16,1132.75560965
2021-11-16 20:00:00,59144.84,60250.0,60250.0,59763.86,1453.59995865
2021-11-16 21:00:00,59673.38,60983.63,59761.8,60490.46,1416.55627918
2021-11-16 22:00:00,60420.77,61170.88,60490.46,60621.38,601.22506852
2021-11-16 23:00:00,60087.54,60711.11,60621.37,60107.98,458.19876485
2021-11-17 00:00:00,59512.0,60454.74,60101.56,59759.62,854.35199699
2021-11-17 01:00:00,59274.06,60319.71,59759.63,59354.02,669.17157034
2021-11-17 02:00:00,59122.0,59749.99,59354.02,59391.96,972.95244567
2021-11-17 03:00:00,58558.0,59782.45,59392.8,59060.78,1864.61324746
2021-11-17 04:00:00,58611.0,59500.0,59070.35,59419.62,1381.98990704
2021-11-17 05:00:00,59265.74,59841.32,59429.42,59606.06,675.29978136
2021-11-17 06:00:00,59309.38,59795.05,59606.05,59609.0,614.85235271
2021-11-17 07:00:00,59353.98,60151.22,59613.33,59709.21,768.61248876
2021-11-17 08:00:00,59569.22,60015.78,59701.68,59591.91,566.20397716
2021-11-17 09:00:00,58816.0,59591.92,59591.92,58933.82,720.57490462
2021-11-17 10:00:00,58380.0,60599.51,58933.81,60534.55,996.30147043
2021-11-17 11:00:00,60322.97,60824.21,60529.72,60761.86,734.22431343
2021-11-17 12:00:00,60441.1,60824.38,60776.35,60486.87,682.21862472
2021-11-17 13:00:00,60096.62,60622.83,60486.87,60134.7,643.24086889
2021-11-17 14:00:00,59616.46,60350.29,60137.04,59636.83,962.2550803
2021-11-17 15:00:00,59368.92,59821.51,59634.81,59679.5,813.55394576
2021-11-17 16:00:00,59440.67,60476.99,59684.83,60423.62,1041.48404777
2021-11-17 17:00:00,60022.41,60500.0,60431.79,60248.52,1018.08968785
2021-11-17 18:00:00,60230.06,60666.69,60251.15,60495.82,1041.29976882
2021-11-17 19:00:00,60118.08,60685.1,60495.83,60247.65,737.68685355
2021-11-17 20:00:00,60051.44,60600.0,60247.65,60436.83,782.46084393
2021-11-17 21:00:00,59781.45,60454.68,60435.45,60111.31,741.96182109
2021-11-17 22:00:00,59661.49,60119.57,60111.31,60003.11,724.28768847
2021-11-17 23:00:00,59711.1,60507.22,60003.1,60351.51,899.52776364
2021-11-18 00:00:00,60145.53,60743.16,60351.51,60498.61,1038.51084685
2021-11-18 01:00:00,60102.71,60977.21,60502.61,60588.25,903.6044837
2021-11-18 02:00:00,60423.96,60778.48,60588.25,60677.86,531.2833455
2021-11-18 03:00:00,59879.04,60697.02,60677.86,59881.93,636.06308336
2021-11-18 04:00:00,59669.0,60108.94,59881.93,59700.92,798.68926468
2021-11-18 05:00:00,59578.37,59927.26,59693.56,59818.24,552.91119334
2021-11-18 06:00:00,59596.78,60053.22,59818.23,59838.2,487.4127052
2021-11-18 07:00:00,59525.01,59899.77,59838.2,59745.98,380.79383662
2021-11-18 08:00:00,59486.88,59841.34,59745.98,59662.77,340.29559695
2021-11-18 09:00:00,59000.0,59752.39,59662.77,59297.7,1160.27427576
2021-11-18 10:00:00,59012.1,59851.2,59300.3,59805.95,578.66416986
2021-11-18 11:00:00,59171.56,59975.2,59806.19,59243.43,440.48786241
2021-11-18 12:00:00,59018.91,59947.7,59243.43,59137.73,870.04908417
2021-11-18 13:00:00,58769.44,59779.32,59137.72,59229.98,1417.47067286
2021-11-18 14:00:00,58791.35,59325.99,59229.98,58917.91,894.91027806
2021-11-18 15:00:00,57657.0,59290.53,58913.12,58106.3,2946.17502356
2021-11-18 16:00:00,57229.68,58487.56,58106.3,57300.0,2791.33935305
2021-11-18 17:00:00,56621.19,58118.13,57299.87,57575.46,2921.93513867
2021-11-18 18:00:00,57525.0,58100.0,57568.8,58020.32,1093.37497978
2021-11-18 19:00:00,57777.0,58343.02,58027.83,57946.81,1145.46668017
2021-11-18 20:00:00,57617.47,58540.0,57949.99,57998.79,1449.91588287
2021-11-18 21:00:00,57420.69,58270.0,57998.79,57585.01,996.19257534
2021-11-18 22:00:00,56555.4,57670.85,57585.01,56646.55,1172.84202492
2021-11-18 23:00:00,56514.13,57009.14,56646.56,56898.0,1200.54967244
2021-11-19 00:00:00,56700.0,57520.61,56898.46,57510.56,1314.93286861
2021-11-19 01:00:00,56645.71,57535.6,57510.57,56705.31,884.08402248
2021-11-19 02:00:00,55860.0,56958.28,56705.38,56098.35,1647.99779368
2021-11-19 03:00:00,55625.0,56247.03,56113.13,55927.17,1175.11687449
2021-11-19 04:00:00,55855.0,56338.0,55929.01,56283.99,586.87313785
2021-11-19 05:00:00,56056.95,56533.33,56283.99,56436.38,534.22096742
2021-11-19 06:00:00,56143.47,56492.07,56444.47,56313.75,456.40737903
2021-11-19 07:00:00,55902.0,56456.9,56313.74,56036.14,563.74053563
2021-11-19 08:00:00,56028.89,57417.3,56040.87,57058.54,570.01260608
2021-11-19 09:00:00,56986.88,57512.59,57060.04,57047.8,346.86568613
2021-11-19 10:00:00,56731.6,57083.45,57043.39,56931.27,242.82932117
2021-11-19 11:00:00,56532.57,57244.69,56934.38,57033.52,415.77037596
2021-11-19 12:00:00,56925.0,57396.65,57033.86,56940.15,492.3321523
2021-11-19 13:00:00,56757.41,57778.75,56940.14,57678.18,870.41790193
2021-11-19 14:00:00,57638.08,58201.51,57678.88,58089.19,1199.99641963
2021-11-19 15:00:00,57688.55,58241.77,58089.19,57972.03,1147.1723526
2021-11-19 16:00:00,57834.38,58316.16,57970.52,58233.87,1635.87140017
2021-11-19 17:00:00,58011.35,58412.12,58233.86,58053.08,995.45054074
2021-11-19 18:00:00,57834.06,58157.76,58053.09,57958.8,699.21482556
2021-11-19 19:00:00,57756.53,58173.01,57958.8,58134.66,599.53184111
2021-11-19 20:00:00,57766.31,58200.0,58134.94,57841.54,770.35756184
2021-11-19 21:00:00,57593.89,57990.62,57841.54,57869.63,682.41510179
2021-11-19 22:00:00,57757.8,58040.0,57869.62,57889.57,374.24213335
2021-11-19 23:00:00,57788.28,58190.72,57880.54,58122.16,348.70684237
2021-11-20 00:00:00,58003.49,58625.9,58122.15,58297.28,402.55523066
2021-11-20 01:00:00,58246.17,58932.08,58308.44,58851.85,486.87820628
2021-11-20 02:00:00,58812.1,59058.97,58851.84,58860.31,500.55812105
2021-11-20 03:00:00,58504.84,58911.2,58860.31,58575.3,340.52480574
2021-11-20 04:00:00,58418.56,58650.0,58575.3,58557.5,282.57467632
2021-11-20 05:00:00,58334.74,58646.7,58556.83,58473.0,257.35753409
2021-11-20 06:00:00,58383.99,58888.0,58473.0,58699.46,187.86090732
2021-11-20 07:00:00,58419.38,58755.58,58699.46,58453.64,135.6727892
2021-11-20 08:00:00,58395.17,58721.37,58453.65,58541.86,156.90451014
2021-11-20 09:00:00,58432.65,58719.18,58541.86,58552.24,106.5048268
2021-11-20 10:00:00,58424.0,58806.21,58552.24,58540.47,122.55280478
2021-11-20 11:00:00,58462.15,58723.95,58538.29,58686.47,164.60815137
2021-11-20 12:00:00,58526.53,58875.57,58683.62,58620.93,154.8917667
2021-11-20 13:00:00,58440.0,58739.85,58634.63,58530.99,191.48966339
2021-11-20 14:00:00,58378.42,58749.39,58531.01,58417.58,235.36187827
2021-11-20 15:00:00,57562.89,58467.99,58414.88,57664.1,808.29042192
2021-11-20 16:00:00,57423.35,58034.47,57664.09,57842.43,588.14390446
2021-11-20 17:00:00,57666.7,57988.74,57836.3,57975.36,323.75335893
2021-11-20 18:00:00,57886.57,59686.86,57975.36,59485.54,755.89779979
2021-11-20 19:00:00,59276.07,59573.75,59485.54,59488.87,332.28019827
2021-11-20 20:00:00,59364.08,59587.0,59488.87,59473.82,259.85112844
2021-11-20 21:00:00,59402.14,59700.0,59471.97,59660.38,282.50964914
2021-11-20 22:00:00,59569.39,59776.13,59661.56,59744.56,251.27646698
2021-11-20 23:00:00,59549.99,59900.0,59747.67,59760.76,256.35361649
2021-11-21 00:00:00,59358.0,59820.35,59760.76,59410.36,291.84891441
2021-11-21 01:00:00,59289.27,59498.63,59407.89,59383.02,186.5489859
2021-11-21 02:00:00,58763.75,59408.56,59383.03,59126.53,335.8975479
2021-11-21 03:00:00,58605.38,59240.48,59126.54,58731.3,316.94076594
2021-11-21 04:00:00,58626.47,59004.85,58731.31,58651.15,277.19483607
2021-11-21 05:00:00,58610.0,59065.81,58651.14,59065.81,223.6658395
2021-11-21 06:00:00,58896.97,59268.89,59065.81,59249.53,145.31591404
2021-11-21 07:00:00,59023.13,59256.61,59245.02,59023.6,104.07359704
2021-11-21 08:00:00,58700.34,59142.76,59023.61,58780.76,175.25707428
2021-11-21 09:00:00,58738.22,59001.1,58781.19,58953.3,117.6179838
2021-11-21 10:00:00,58509.69,59014.25,58953.29,58859.3,162.29133633
2021-11-21 11:00:00,58600.0,59390.0,58856.66,58741.88,241.63875393
2021-11-21 12:00:00,58712.04,59342.65,58751.73,59101.71,252.08377191
2021-11-21 13:00:00,58853.16,59126.41,59107.75,58879.63,257.09089453
2021-11-21 14:00:00,58750.5,59094.89,58879.64,58951.36,283.65262258
2021-11-21 15:00:00,58843.17,59327.44,58953.23,59264.29,406.70903611
2021-11-21 16:00:00,59190.0,59989.0,59264.28,59911.61,554.04480925
2021-11-21 17:00:00,59481.12,60070.0,59909.62,59533.56,648.35145203
2021-11-21 18:00:00,59340.01,59600.87,59536.67,59494.16,430.9163501
2021-11-21 19:00:00,59268.62,59615.87,59489.1,59371.41,200.83797277
2021-11-21 20:00:00,59320.65,59750.0,59371.41,59658.79,234.2442059
2021-11-21 21:00:00,59429.91,59717.57,59658.78,59538.56,254.56926924
2021-11-21 22:00:00,58961.09,59574.07,59538.56,59175.22,275.97343068
2021-11-21 23:00:00,58568.24,59323.98,59170.16,58671.21,284.6009901
2021-11-22 00:00:00,58027.26,58800.83,58671.22,58179.5,629.05980525
2021-11-22 01:00:00,57725.0,58298.69,58181.73,58097.91,593.20252638
2021-11-22 02:00:00,57382.25,58177.15,58097.91,57751.29,696.88534058
2021-11-22 03:00:00,57000.0,57848.69,57751.28,57431.02,453.42035372
2021-11-22 04:00:00,57087.64,57578.45,57431.01,57105.8,372.23732343
2021-11-22 05:00:00,56827.33,57520.48,57096.31,57520.48,663.76464484
2021-11-22 06:00:00,57100.16,57536.45,57520.48,57356.04,325.87162821
2021-11-22 07:00:00,57305.12,57808.49,57356.08,57314.27,193.72640557
2021-11-22 08:00:00,57295.32,57620.75,57314.27,57400.0,192.25973935
2021-11-22 09:00:00,57184.0,57890.06,57400.01,57184.02,298.23059405
2021-11-22 10:00:00,57028.31,57446.53,57184.38,57416.63,243.88575682
2021-11-22 11:00:00,57202.61,57574.99,57416.61,57232.6,190.07263916
2021-11-22 12:00:00,57104.52,58093.69,57232.61,57215.88,412.8720315
2021-11-22 13:00:00,56641.56,59526.51,57215.87,58915.11,1134.56935344
2021-11-22 14:00:00,58207.2,59070.0,58916.28,58294.11,806.64810447
2021-11-22 15:00:00,57958.62,58482.95,58294.1,58235.06,778.57503693
2021-11-22 16:00:00,57660.9,58282.38,58240.08,57749.98,751.15013429
2021-11-22 17:00:00,57331.33,57799.95,57749.97,57469.7,859.49803147
2021-11-22 18:00:00,56429.4,57481.38,57480.15,56471.01,1109.3129682
2021-11-22 19:00:00,55825.7,57126.82,56471.0,56021.68,1516.23267424
2021-11-22 20:00:00,55720.58,56391.43,56021.68,55894.7,1362.5132315
2021-11-22 21:00:00,55641.03,56458.8,55892.28,56277.68,1138.30429074
2021-11-22 22:00:00,56125.04,56749.04,56277.68,56732.0,608.10292251
2021-11-22 23:00:00,56242.61,56737.96,56735.76,56280.81,558.8252527
2021-11-23 00:00:00,56009.9,56857.15,56280.81,56625.69,592.45982495
2021-11-23 01:00:00,56493.29,56963.56,56625.69,56886.15,476.17833993
2021-11-23 02:00:00,56647.7,56986.51,56887.88,56930.01,469.06120179
2021-11-23 03:00:00,56808.84,57266.47,56930.01,56959.19,407.63969085
2021-11-23 04:00:00,56787.31,57047.86,56959.19,56811.83,341.14356745
2021-11-23 05:00:00,56369.61,56876.71,56811.83,56550.0,471.30072694
2021-11-23 06:00:00,56213.01,56649.03,56550.0,56389.3,357.01461637
2021-11-23 07:00:00,55855.21,56407.93,56387.75,56031.39,454.78665916
2021-11-23 08:00:00,55726.61,56417.4,56014.3,56260.31,352.13964183
2021-11-23 09:00:00,55377.0,57411.51,56270.25,56651.1,956.67535968
2021-11-23 10:00:00,56290.96,57825.19,56643.5,56354.89,825.78188394
2021-11-23 11:00:00,55896.33,56580.37,56354.9,56138.99,508.92662849
2021-11-23 12:00:00,56108.66,56450.0,56138.98,56309.72,338.53025255
2021-11-23 13:00:00,56306.09,56930.17,56315.57,56794.94,564.46318641
2021-11-23 14:00:00,56611.37,57717.86,56800.69,57710.87,812.00873046
2021-11-23 15:00:00,56860.0,57761.01,57712.2,56893.44,1084.85011881
2021-11-23 16:00:00,56891.94,57593.26,56893.44,57468.63,874.94919319
2021-11-23 17:00:00,57238.67,57681.42,57468.63,57257.44,749.19557854
2021-11-23 18:00:00,57118.22,57590.0,57254.86,57435.12,612.80287846
2021-11-23 19:00:00,57233.33,57845.59,57436.3,57793.92,734.8667664
2021-11-23 20:00:00,57391.96,57885.9,57791.18,57870.06,780.92903374
2021-11-23 21:00:00,57535.51,57886.03,57870.06,57708.59,567.38693222
2021-11-23 22:00:00,57464.54,57751.15,57708.67,57588.16,339.94955353
2021-11-23 23:00:00,57482.76,57755.0,57584.59,57566.85,346.74130587
2021-11-24 00:00:00,57562.65,57607.97,57562.65,57575.64,8.83180987
2021-11-24 01:00:00,57033.08,57600.49,57578.06,57058.42,333.53449388
2021-11-24 02:00:00,56153.65,57135.23,57067.49,56266.05,856.44364627
2021-11-24 03:00:00,56236.78,56490.95,56267.08,56420.0,598.73681798
2021-11-24 04:00:00,56358.42,56780.25,56420.0,56579.7,395.67062588
2021-11-24 05:00:00,56502.28,56810.75,56579.71,56620.22,394.5673287
2021-11-24 06:00:00,56242.31,56750.0,56620.23,56619.55,319.42287373
2021-11-24 07:00:00,56406.28,56720.82,56619.55,56518.6,398.50268983
2021-11-24 08:00:00,56406.9,57431.82,56526.69,56872.83,453.22671797
2021-11-24 09:00:00,56663.08,57016.96,56872.43,56694.48,331.77687987
2021-11-24 10:00:00,56430.95,56894.29,56703.08,56446.84,311.09528606
2021-11-24 11:00:00,56337.1,56773.03,56453.91,56633.53,335.51677875
2021-11-24 12:00:00,56417.67,56752.55,56640.43,56457.38,457.04775619
2021-11-24 13:00:00,56038.1,56885.91,56457.38,56050.0,792.56745363
2021-11-24 14:00:00,55875.01,56377.69,56050.01,56147.91,1023.58161701
2021-11-24 15:00:00,56097.01,57188.32,56146.75,56755.32,879.15297311
2021-11-24 16:00:00,56590.62,56883.77,56758.69,56635.49,688.82580423
2021-11-24 17:00:00,56616.36,56795.05,56635.48,56619.08,204.44332791
2021-11-24 18:00:00,56533.5,57140.63,56568.52,56818.95,560.69866023
2021-11-24 19:00:00,56598.11,56907.11,56818.95,56854.86,591.80572619
2021-11-24 20:00:00,56751.28,57465.31,56854.85,57444.42,769.5786829
2021-11-24 21:00:00,57211.12,57503.99,57427.15,57327.85,505.05636035
2021-11-24 22:00:00,56872.0,57452.65,57330.85,57008.32,445.62560285
2021-11-24 23:00:00,56982.51,57255.49,57012.23,57162.66,525.96724814
2021-11-25 00:00:00,57134.32,58288.64,57158.58,58021.75,816.9535849
2021-11-25 01:00:00,57733.0,58289.75,58030.98,57761.16,528.41696436
2021-11-25 02:00:00,57529.11,57883.77,57761.17,57744.42,478.06876213
2021-11-25 03:00:00,57600.08,57825.14,57747.79,57772.0,365.02214772
2021-11-25 04:00:00,57200.0,57842.75,57772.0,57273.69,481.09846654
2021-11-25 05:00:00,57037.04,57320.65,57273.69,57138.22,406.39546908
2021-11-25 06:00:00,57109.92,57386.69,57138.23,57285.25,363.44341798
2021-11-25 07:00:00,57285.24,57743.23,57285.24,57691.1,303.99032871
2021-11-25 08:00:00,57610.0,57965.84,57690.9,57618.05,255.93094755
2021-11-25 09:00:00,57382.17,57830.27,57618.04,57792.89,250.41046572
2021-11-25 10:00:00,57751.89,58500.0,57794.65,58023.47,430.70823844
2021-11-25 11:00:00,57880.48,58116.9,58023.47,58052.86,301.45819541
2021-11-25 12:00:00,57950.0,58746.81,58053.3,58682.78,483.07771086
2021-11-25 13:00:00,58460.94,58890.0,58693.24,58593.63,505.26045294
2021-11-25 14:00:00,58509.94,58821.55,58597.66,58757.57,475.12113618
2021-11-25 15:00:00,58635.27,59182.55,58757.57,59090.87,700.60437701
2021-11-25 16:00:00,58896.18,59445.99,59090.87,59036.15,798.9184434
2021-11-25 17:00:00,59027.9,59304.83,59036.09,59212.98,551.48548978
2021-11-25 18:00:00,59064.63,59280.35,59212.99,59169.58,359.90211056
2021-11-25 19:00:00,58750.0,59303.79,59169.58,58904.42,386.80982888
2021-11-25 20:00:00,58850.59,59136.92,58904.43,58901.86,303.96248667
2021-11-25 21:00:00,58750.0,59087.86,58901.85,58860.73,359.87992891
2021-11-25 22:00:00,58572.34,58943.52,58864.99,58931.88,362.44222062
2021-11-25 23:00:00,58838.31,59361.33,58931.89,58987.27,399.31563288
2021-11-26 00:00:00,58697.18,59194.0,58994.72,58745.2,361.398006
2021-11-26 01:00:00,58630.0,58932.91,58747.52,58647.33,200.11556304
2021-11-26 02:00:00,58190.0,58686.82,58642.48,58230.7,465.17852063
2021-11-26 03:00:00,57900.0,58256.99,58225.83,57940.81,505.71372567
2021-11-26 04:00:00,57717.65,58050.0,57948.42,57854.57,523.85951881
2021-11-26 05:00:00,57510.81,57890.21,57854.58,57867.97,423.37490674
2021-11-26 06:00:00,57476.1,57950.93,57867.97,57607.73,428.98510513
2021-11-26 07:00:00,56656.81,57680.51,57607.74,56993.85,1047.0132078
2021-11-26 08:00:00,54408.0,57000.0,56993.85,55237.76,2794.59653528
2021-11-26 09:00:00,54639.6,55514.89,55253.46,54873.62,993.47838746
2021-11-26 10:00:00,54349.19,54957.74,54796.24,54443.53,1015.25682917
2021-11-26 11:00:00,53725.0,54852.25,54433.07,53751.39,1574.4685566
2021-11-26 12:00:00,53533.0,54413.88,53748.33,54344.0,1927.80184381
2021-11-26 13:00:00,54005.46,54676.03,54343.99,54624.71,1430.17909597
2021-11-26 14:00:00,54321.89,54923.98,54624.71,54725.48,1434.28255477
2021-11-26 15:00:00,54260.0,54725.49,54725.48,54370.57,2440.83136715
2021-11-26 16:00:00,54005.89,54614.63,54376.89,54315.22,1839.9619358
2021-11-26 17:00:00,54204.28,54695.62,54312.31,54254.12,1320.73749001
2021-11-26 18:00:00,53975.98,54381.59,54254.12,54103.95,1236.45677851
2021-11-26 19:00:00,54017.54,54498.19,54103.94,54374.59,925.98877085
2021-11-26 20:00:00,54261.37,54620.0,54374.6,54556.93,853.95579749
2021-11-26 21:00:00,54010.0,54607.78,54556.93,54019.46,729.62456191
2021-11-26 22:00:00,53849.59,54445.44,54019.46,54092.51,606.95440431
2021-11-26 23:00:00,53556.13,54235.92,54093.55,53757.67,866.08828392
2021-11-27 00:00:00,53642.58,54658.0,53757.67,54114.8,574.56470672
2021-11-27 01:00:00,53940.54,54366.15,54117.56,54190.0,518.6159346
2021-11-27 02:00:00,54162.12,54561.93,54190.0,54429.86,366.6999189
2021-11-27 03:00:00,54316.05,54663.1,54429.78,54392.67,283.36017358
2021-11-27 04:00:00,54313.39,54639.54,54390.71,54525.94,301.08765609
2021-11-27 05:00:00,54292.91,54592.45,54528.45,54292.91,169.89514632
2021-11-27 06:00:00,54242.4,54523.62,54294.5,54279.2,291.15222656
2021-11-27 07:00:00,54256.9,54490.19,54279.2,54433.33,143.2795384
2021-11-27 08:00:00,54429.31,55316.67,54433.34,55097.96,333.90001499
2021-11-27 09:00:00,54611.93,55204.49,55097.97,54623.06,196.53410745
2021-11-27 10:00:00,54323.03,54937.98,54623.06,54764.94,269.88067095
2021-11-27 11:00:00,54557.63,55007.11,54762.16,54638.94,198.41491894
2021-11-27 12:00:00,54534.01,54869.52,54638.95,54755.76,200.30631735
2021-11-27 13:00:00,54700.83,55259.05,54766.86,55033.91,323.99185178
2021-11-27 14:00:00,54736.91,55265.83,55025.38,54763.89,434.08644094
2021-11-27 15:00:00,54625.98,55050.0,54763.89,54948.78,352.54421683
2021-11-27 16:00:00,54857.82,55256.93,54948.79,54956.33,360.60287173
2021-11-27 17:00:00,54877.17,55163.19,54956.33,54950.01,389.06912395
2021-11-27 18:00:00,54710.87,55105.24,54950.0,55021.84,307.19171188
2021-11-27 19:00:00,54887.48,55050.0,55021.84,54989.79,247.81000836
2021-11-27 20:00:00,54168.26,55100.0,54989.39,54298.51,491.55116725
2021-11-27 21:00:00,54041.21,54717.18,54295.07,54624.42,507.32689344
2021-11-27 22:00:00,54551.79,55000.0,54624.42,54882.52,267.28335871
2021-11-27 23:00:00,54400.0,54939.84,54886.88,54759.05,370.15451554
2021-11-28 00:00:00,54300.0,54857.82,54759.04,54712.65,394.1579766
2021-11-28 01:00:00,54153.19,54779.69,54711.0,54267.58,296.92253462
2021-11-28 02:00:00,53727.91,54421.77,54261.04,54404.08,645.54277256
2021-11-28 03:00:00,54068.76,54480.38,54403.8,54175.98,292.09184895
2021-11-28 04:00:00,53974.72,54250.0,54175.98,54095.12,254.03955347
2021-11-28 05:00:00,54020.87,54430.0,54095.12,54421.29,199.36308982
2021-11-28 06:00:00,54227.2,54629.12,54422.39,54542.38,184.20620638
2021-11-28 07:00:00,54435.79,54662.75,54525.04,54555.9,133.09329402
2021-11-28 08:00:00,54273.13,54715.33,54554.07,54438.54,114.63570383
2021-11-28 09:00:00,54175.13,54511.23,54436.27,54370.19,87.57006361
2021-11-28 10:00:00,54225.73,54964.75,54370.18,54758.7,162.43235164
2021-11-28 11:00:00,54477.27,54914.67,54752.15,54534.9,198.07801944
2021-11-28 12:00:00,54314.42,54663.3,54534.9,54402.54,107.45837468
2021-11-28 13:00:00,54246.94,54433.78,54402.54,54311.44,134.28674123
2021-11-28 14:00:00,54077.58,54584.47,54311.44,54401.37,191.73124004
2021-11-28 15:00:00,54218.09,54474.38,54400.0,54337.4,156.46990562
2021-11-28 16:00:00,53983.61,54405.0,54337.41,54221.1,350.7871372
2021-11-28 17:00:00,53830.05,54324.13,54221.17,53939.36,336.8271221
2021-11-28 18:00:00,53327.0,54201.19,53939.36,54149.31,689.77780954
2021-11-28 19:00:00,54082.0,54953.68,54149.3,54657.52,490.73781443
2021-11-28 20:00:00,54659.66,55199.45,54659.66,54963.5,378.84120991
2021-11-28 21:00:00,54916.42,56434.34,54962.59,56359.68,741.71378309
2021-11-28 22:00:00,56065.23,56765.79,56341.25,56075.36,688.2410055
2021-11-28 23:00:00,56075.51,57490.0,56075.51,57317.17,993.41937614
2021-11-29 00:00:00,57183.06,58003.8,57318.51,57809.41,1140.75013312
2021-11-29 01:00:00,57570.02,58280.36,57809.4,57690.56,911.05867225
2021-11-29 02:00:00,57338.09,57764.76,57690.57,57359.92,592.32924726
2021-11-29 03:00:00,57243.53,57472.34,57360.32,57408.85,412.28405219
2021-11-29 04:00:00,57303.58,57718.41,57408.85,57317.48,525.01402373
2021-11-29 05:00:00,57275.97,57455.91,57318.5,57400.0,370.60808033
2021-11-29 06:00:00,57400.0,57610.83,57400.0,57496.96,407.09373559
2021-11-29 07:00:00,57453.7,57739.52,57496.96,57577.92,252.65711231
2021-11-29 08:00:00,57263.85,57694.72,57572.62,57312.98,221.48348391
2021-11-29 09:00:00,56730.0,57462.68,57312.78,56938.31,411.19729735
2021-11-29 10:00:00,56860.61,57443.42,56938.31,57238.19,384.30664638
2021-11-29 11:00:00,56933.49,57349.95,57238.18,56944.78,241.35036534
2021-11-29 12:00:00,56896.15,57154.99,56940.92,56949.03,498.57858697
2021-11-29 13:00:00,56922.54,57578.26,56950.01,57342.05,553.72461139
2021-11-29 14:00:00,56986.08,57461.61,57341.68,57081.43,427.39983958
2021-11-29 15:00:00,56887.63,57177.51,57082.15,57177.5,527.78306812
2021-11-29 16:00:00,57062.96,57528.63,57176.29,57518.02,595.89694014
2021-11-29 17:00:00,57469.73,58831.99,57518.02,58681.57,1417.98956919
2021-11-29 18:00:00,58550.0,58908.27,58681.5,58710.09,643.64681949
2021-11-29 19:00:00,57843.27,58734.22,58710.08,57932.58,705.31133978
2021-11-29 20:00:00,57753.97,58312.86,57933.91,58096.91,854.37360414
2021-11-29 21:00:00,58066.82,58466.87,58098.67,58323.31,565.72387014
2021-11-29 22:00:00,58083.29,58429.71,58323.31,58112.38,351.52738957
2021-11-29 23:00:00,57730.9,58157.58,58112.36,57838.06,442.14486669
2021-11-30 00:00:00,57598.78,58022.68,57838.06,57771.86,474.81325806
2021-11-30 01:00:00,57120.52,57846.62,57771.85,57342.23,895.42975091
2021-11-30 02:00:00,57309.75,57594.44,57342.23,57425.26,437.96498029
2021-11-30 03:00:00,56835.18,57470.74,57422.98,57149.32,608.18468466
2021-11-30 04:00:00,57042.84,57337.81,57149.33,57260.3,497.79278534
2021-11-30 05:00:00,56300.0,57340.56,57258.68,56300.0,861.79212438
2021-11-30 06:00:00,55910.33,56627.96,56300.0,56597.32,892.1232259
2021-11-30 07:00:00,56267.45,56826.46,56597.34,56563.69,445.71610868
2021-11-30 08:00:00,56300.0,57421.05,56563.65,56818.23,581.67495156
2021-11-30 09:00:00,56364.42,56983.75,56820.56,56787.06,526.36076942
2021-11-30 10:00:00,56630.12,57284.79,56783.13,57191.21,420.47927385
2021-11-30 11:00:00,56973.05,57811.38,57190.6,57666.89,643.18743836
2021-11-30 12:00:00,57660.95,58340.0,57666.9,57872.19,689.68994554
2021-11-30 13:00:00,57686.52,58397.87,57873.53,58366.06,1202.14452123
2021-11-30 14:00:00,58106.34,58603.0,58366.06,58465.56,1197.85702738
2021-11-30 15:00:00,57264.72,59249.77,58465.56,57287.73,1879.69728067
2021-11-30 16:00:00,56546.32,57792.89,57292.03,56822.09,1639.61038611
2021-11-30 17:00:00,56535.0,57657.6,56820.61,57425.87,1135.96560066
2021-11-30 18:00:00,57247.31,58409.48,57428.63,58372.64,779.4250224
2021-11-30 19:00:00,57441.25,58397.11,58390.78,57688.7,589.11242972
2021-11-30 20:00:00,57253.88,57810.0,57688.8,57471.13,504.70994452
2021-11-30 21:00:00,56885.19,57818.05,57471.13,57133.0,409.39742177
2021-11-30 22:00:00,57044.22,57566.23,57133.72,57322.65,337.17675496
2021-11-30 23:00:00,56814.34,57451.05,57321.41,56987.97,388.48202201
2021-12-01 00:00:00,56705.06,57726.45,56998.35,57616.41,599.79157756
2021-12-01 01:00:00,56972.97,57620.0,57618.55,57030.83,591.68719996
2021-12-01 02:00:00,56841.01,57396.87,57029.79,57307.59,702.56036447
2021-12-01 03:00:00,57026.11,57456.82,57306.55,57404.01,859.59153489
2021-12-01 04:00:00,57016.0,57460.42,57404.01,57084.36,566.03799649
2021-12-01 05:00:00,56773.66,57168.02,57085.75,56819.56,613.79878139
